Region,Municipality
Greater Melbourne - Inner Melbourne,Melbourne
Greater Melbourne - Inner Melbourne,Port Phillip
Greater Melbourne - Inner Melbourne,Stonnington
Greater Melbourne - Inner Melbourne,Yarra
Greater Melbourne - Metropolitan,Banyule
Greater Melbourne - Metropolitan,Bayside
Greater Melbourne - Metropolitan,Boroondara
Greater Melbourne - Metropolitan,Brimbank
Greater Melbourne - Metropolitan,Darebin
Greater Melbourne - Metropolitan,Glen Eira
Greater Melbourne - Metropolitan,Hobsons Bay
Greater Melbourne - Metropolitan,Kingston
Greater Melbourne - Metropolitan,Manningham
Greater Melbourne - Metropolitan,Maribyrnong
Greater Melbourne - Metropolitan,Maroondah
Greater Melbourne - Metropolitan,Merri-bek
Greater Melbourne - Metropolitan,Monash
Greater Melbourne - Metropolitan,Moonee Valley
Greater Melbourne - Metropolitan,Whitehorse
Greater Melbourne - Outer Metropolitan,Cardinia
Greater Melbourne - Outer Metropolitan,Casey
Greater Melbourne - Outer Metropolitan,Frankston
Greater Melbourne - Outer Metropolitan,Greater Dandenong
Greater Melbourne - Outer Metropolitan,Hume
Greater Melbourne - Outer Metropolitan,Knox
Greater Melbourne - Outer Metropolitan,Melton
Greater Melbourne - Outer Metropolitan,Mornington Peninsula
Greater Melbourne - Outer Metropolitan,Nillumbik
Greater Melbourne - Outer Metropolitan,Whittlesea
Greater Melbourne - Outer Metropolitan,Wyndham
Greater Melbourne - Outer Metropolitan,Yarra Ranges
Barwon South West,Colac Otway
Barwon South West,Corangamite
Barwon South West,Glenelg
Barwon South West,Greater Geelong
Barwon South West,Moyne
Barwon South West,Queenscliffe
Barwon South West,Southern Grampians
Barwon South West,Surf Coast
Barwon South West,Warrnambool
Gippsland,Bass Coast
Gippsland,Baw Baw
Gippsland,East Gippsland
Gippsland,Latrobe
Gippsland,South Gippsland
Gippsland,Wellington
Grampians,Ararat
Grampians,Ballarat
Grampians,Golden Plains
Grampians,Hepburn
Grampians,Hindmarsh
Grampians,Horsham
Grampians,Moorabool
Grampians,Northern Grampians
Grampians,Pyrenees
Grampians,West Wimmera
Grampians,Yarriambiack
Hume,Alpine
Hume,Benalla
Hume,Greater Shepparton
Hume,Indigo
Hume,Mansfield
Hume,Mitchell
Hume,Moira
Hume,Murrindindi
Hume,Strathbogie
Hume,Towong
Hume,Wangaratta
Hume,Wodonga
Loddon Mallee,Buloke
Loddon Mallee,Campaspe
Loddon Mallee,Central Goldfields
Loddon Mallee,Gannawarra
Loddon Mallee,Greater Bendigo
Loddon Mallee,Loddon
Loddon Mallee,Macedon Ranges
Loddon Mallee,Mildura
Loddon Mallee,Mount Alexander
Loddon Mallee,Swan Hill
